Organization,Followed On
Vintyaa Technologies Pvt Ltd,Tue Apr 28 11:55:26 UTC 2026
MythoQuantum Explorers,Mon Mar 30 14:59:10 UTC 2026
Maharashtra Knowledge Corporation Limited (MKCL),Sat Mar 14 10:18:32 UTC 2026
IND Matrimony,Tue Mar 10 16:46:28 UTC 2026
API Galaxy,Thu Feb 05 14:18:38 UTC 2026
Teamified,Wed Dec 17 09:48:31 UTC 2025
Sony Research India,Wed Sep 17 11:57:47 UTC 2025
Abekus,Fri Sep 12 12:10:18 UTC 2025
CausalFunnel,Fri Jul 25 07:04:41 UTC 2025
Droisys,Tue Jun 24 08:12:55 UTC 2025
HCLTech,Tue Jun 17 13:43:54 UTC 2025
Dell Technologies,Thu Jun 12 13:49:27 UTC 2025
Capgemini,Sat Jun 07 13:25:28 UTC 2025
Calix,Tue May 20 13:52:46 UTC 2025
JSpiders - Training & Development Center,Wed Apr 02 04:06:31 UTC 2025
EY,Tue Apr 01 13:50:39 UTC 2025
Bliinc,Tue Apr 01 07:07:31 UTC 2025
QSpiders - Software Testing Training Institute,Fri Mar 28 12:03:41 UTC 2025
Vidhya Niketan Public School,Fri Mar 28 11:58:12 UTC 2025
"Suryodaya College of Engineering & Technology, Nagpur",Fri Mar 28 11:58:12 UTC 2025
"Zip, a puzzle by LinkedIn",Wed Mar 19 02:29:16 UTC 2025
RAILWORLD INDIA Pvt.Ltd,Fri May 31 17:12:28 UTC 2024
SYNC INTERN'S,Mon Mar 06 14:52:06 UTC 2023
LinkedIn Guide to Creating,Sat Mar 04 17:33:27 UTC 2023
"Suryoday College of Engineering and Technology, Vihirgaon",Mon Jul 25 09:42:04 UTC 2022