Date/Time,Media Description,Media Link
"You uploaded a photo on February 19, 2026 at 6:09 AM (GMT)", -,https://media.licdn.com/dms/image/v2/D4D03AQGoX2eaJtpyIQ/profile-displayphoto-scale_200_200/B4DZx0hFytJwAY-/0/1771481359230?e=1780531200&v=beta&t=JuucSZtFddkrFwBud6PAnNUdS8c3qWvAgdWJpWcqYIo
"You uploaded a profile photo on February 19, 2026 at 6:09 AM (GMT)", -,https://media.licdn.com/dms/image/v2/D4D04AQFnqGFjxh8c0g/profile-originalphoto-shrink_900_1200/B4DZx0hFyiGUAI-/0/1771481358453?e=1780531200&v=beta&t=4Bqn8K7v0jBVFAoO-dMLRLkcxiP7lPrkrM0LRF6Rgus
"You uploaded a document on June 17, 2025 at 8:05 AM (GMT)", -,https://media.licdn.com/dms/image/v2/D562DAQHwiNKS-16oHw/profile-treasury-document-cover-images_1920/B56Zd87BsNHQBM-/0/1750147538889?e=1779609600&v=beta&t=nixxXw3Txzvou1L4kj542LH0SSZAq0zeUjHxK7HId3I
"You uploaded a profile background photo on June 6, 2025 at 7:15 PM (GMT)", -,https://media.licdn.com/dms/image/v2/D5616AQH0wYlu5Gv_Tg/profile-displaybackgroundimage-shrink_200_800/B56ZdGq70FHoAc-/0/1749237351316?e=1780531200&v=beta&t=sWBFmi7r30Y1I6itbOY9cxg6mhIJ3dezsV6ovzjQKtE
"You uploaded a profile background photo on June 6, 2025 at 7:15 PM (GMT)", -,https://media.licdn.com/dms/image/v2/D5604AQHxmWPz3hfyXA/profile-background-servable-original-image/B56ZdGq7zJGoAI-/0/1749237350761?e=1780531200&v=beta&t=23uLwPqkTv8LPdiFZoH5r5wQQClw6IcSN2Faerd65Rk
"You uploaded a photo on May 19, 2025 at 12:36 PM (GMT)", -,https://media.licdn.com/dms/image/v2/D562DAQFYJjxH-BCSnA/profile-treasury-image-shrink_8192_8192/B56Zboi1XrGoAk-/0/1747658168908?e=1779609600&v=beta&t=p6OcKibXHw5hVPS8G8x7OIt1G8k87q_1q91LTQa1TrE
"You uploaded a document on April 1, 2025 at 2:32 PM (GMT)", -,https://media.licdn.com/dms/document/media/v2/D562DAQHzjGM6VVj3OA/profile-treasury-document-pdf-analyzed/B56ZXxxODxHEAc-/0/1743517968014?e=1779609600&v=beta&t=nC7uM-9SGmM9bygRLV7-mEB7aWd3bNrJMDzg8G4jcsE
"You uploaded a document on April 1, 2025 at 2:30 PM (GMT)", -,https://media.licdn.com/dms/document/media/v2/D562DAQFyY8yfpNwa8w/profile-treasury-document-pdf-analyzed/B56ZXxwxXgHQAg-/0/1743517850459?e=1779609600&v=beta&t=7HONvhXy9ubKl6OikqYJUjqhfcaPkmRAjK3h6aRJGVw
"You uploaded a document on April 1, 2025 at 1:27 PM (GMT)", -,https://media.licdn.com/dms/image/v2/D562DAQGROuVFRyUhqg/profile-treasury-document-cover-images_1920/B56ZXxiPI2HQBE-/0/1743514040180?e=1779609600&v=beta&t=ROyDfGq72cQDUzkegZn9OnJKltSpkHGeuwyk71D5oeI
"You uploaded a profile background photo on March 28, 2025 at 1:54 PM (GMT)", -,https://media.licdn.com/dms/image/v2/D5616AQFsIJ5LGp7sTg/profile-displaybackgroundimage-shrink_200_800/B56ZXdCC6ZGcAU-/0/1743170068906?e=1780531200&v=beta&t=iQG8mC79j5AY5Wo9W9-WAQmVmC0P3A2iSN0txWkbn5U
"You uploaded a profile background photo on March 28, 2025 at 1:54 PM (GMT)", -,https://media.licdn.com/dms/image/v2/D5604AQGAQLkKZAeQGg/profile-background-servable-original-image/B56ZXdCC5gGoAI-/0/1743170059246?e=1780531200&v=beta&t=V7ZZT8rKp_iu8DV-xMxNkIPIutzgQeQQPvbU39-ms_g
"You uploaded a profile background photo on March 28, 2025 at 1:53 PM (GMT)", -,https://media.licdn.com/dms/image/v2/D5604AQHGe1Uck0bFQw/profile-background-servable-original-image/B56ZXdBz_IHQAI-/0/1743170002821?e=1780531200&v=beta&t=XauBJ5BqlhWYK0jYlfAs67UIj_A_F7LwNqshnpe-2gc
"You uploaded a feed document on March 4, 2023 at 9:04 AM (GMT)", -,https://media.licdn.com/dms/document/media/v2/C561FAQE9cHiRaRN4bw/feedshare-document-url-metadata-scrapper-pdf/feedshare-document-url-metadata-scrapper-pdf/0/1677920643344?e=1779609600&v=beta&t=RWa9A0OAUS6XTRxN_9Fx23ny-O7mKQq4xnXhAESdPHw
